customer_id,customer_name,city,province,latitude,longitude,join_date
CUST_0001,Customer_1,Surabaya,Jawa Timur,-7.282591976230528,112.84224286128199,2023-01-13
CUST_0002,Customer_2,Semarang,Jawa Tengah,-6.9202012116377185,110.4393316968394,2023-05-06
CUST_0003,Customer_3,Medan,Sumatera Utara,3.5264037280884875,98.60339890406725,2023-03-13
CUST_0004,Customer_4,Surabaya,Jawa Timur,-7.345883277566361,112.82533522915499,2023-12-13
CUST_0005,Customer_5,Denpasar,Bali,-8.650276997651359,115.2542145155592,2023-02-14
CUST_0006,Customer_6,Malang,Jawa Timur,-8.06248310114084,112.72658197043239,2023-08-05
CUST_0007,Customer_7,Jakarta,DKI Jakarta,-6.142311471839916,106.78806782213566,2023-01-16
CUST_0008,Customer_8,Surabaya,Jawa Timur,-7.32113500655858,112.68878090197069,2023-04-22
CUST_0009,Customer_9,Medan,Sumatera Utara,3.5560484485919077,98.67715128632645,2023-09-16
CUST_0010,Customer_10,Malang,Jawa Timur,-7.980210996271577,112.5908458280396,2023-01-14
CUST_0011,Customer_11,Denpasar,Bali,-8.648129421055526,115.1404987721304,2023-04-12
CUST_0012,Customer_12,Denpasar,Bali,-8.712071070292957,115.18587236865874,2023-08-03
CUST_0013,Customer_13,Medan,Sumatera Utara,3.5864139968434072,98.72923519227861,2023-08-18
CUST_0014,Customer_14,Malang,Jawa Timur,-8.026665243568328,112.63544688768272,2023-05-23
CUST_0015,Customer_15,Jakarta,DKI Jakarta,-6.190317086227592,106.75489008254401,2023-03-23
CUST_0016,Customer_16,Palembang,Sumatera Selatan,-2.9545910296197126,104.70950482473746,2023-06-24
CUST_0017,Customer_17,Semarang,Jawa Tengah,-7.0535896814029435,110.50937710745067,2023-03-21
CUST_0018,Customer_18,Medan,Sumatera Utara,3.688326406614912,98.73387946962329,2023-06-22
CUST_0019,Customer_19,Surabaya,Jawa Timur,-7.296577246165326,112.67163442280128,2023-02-17
CUST_0020,Customer_20,Palembang,Sumatera Selatan,-2.9392533946975687,104.76343049874792,2023-02-19
CUST_0021,Customer_21,Makassar,Sulawesi Selatan,-5.223292353031044,119.43173538202225,2023-06-26
CUST_0022,Customer_22,Malang,Jawa Timur,-8.059722295776956,112.71446408041575,2023-05-16
CUST_0023,Customer_23,Jakarta,DKI Jakarta,-6.257044003679996,106.8781044568708,2023-08-24
CUST_0024,Customer_24,Denpasar,Bali,-8.708157784782118,115.21661360423556,2023-03-05
CUST_0025,Customer_25,Palembang,Sumatera Selatan,-2.966757944131344,104.71237089110511,2023-02-10
CUST_0026,Customer_26,Denpasar,Bali,-8.57658307444709,115.26762656467221,2023-05-31
CUST_0027,Customer_27,Malang,Jawa Timur,-7.878700211687162,112.71156547008553,2023-07-05
CUST_0028,Customer_28,Malang,Jawa Timur,-7.947020004237783,112.71697484700462,2023-04-09
CUST_0029,Customer_29,Surabaya,Jawa Timur,-7.339801499589616,112.69129657248382,2023-01-24
CUST_0030,Customer_30,Medan,Sumatera Utara,3.504245457782108,98.63726606615266,2023-05-29
CUST_0031,Customer_31,Surabaya,Jawa Timur,-7.279764542062104,112.70636980635477,2023-04-30
CUST_0032,Customer_32,Surabaya,Jawa Timur,-7.191752498169614,112.72345066533872,2023-07-14
CUST_0033,Customer_33,Semarang,Jawa Tengah,-7.010413098062523,110.42813921663165,2023-08-21
CUST_0034,Customer_34,Makassar,Sulawesi Selatan,-5.219515155005048,119.49313939615081,2023-03-25
CUST_0035,Customer_35,Makassar,Sulawesi Selatan,-5.232789871264046,119.5300773873201,2023-07-01
CUST_0036,Customer_36,Medan,Sumatera Utara,3.6496489538593315,98.61194313630683,2023-12-10
CUST_0037,Customer_37,Semarang,Jawa Tengah,-7.065495576575279,110.48269228569097,2023-12-26
CUST_0038,Customer_38,Surabaya,Jawa Timur,-7.216128531230477,112.7979014336082,2023-11-08
CUST_0039,Customer_39,Bandung,Jawa Barat,-6.863245930662811,107.53390893034683,2023-10-01
CUST_0040,Customer_40,Medan,Sumatera Utara,3.5668931457088546,98.59537381190503,2023-03-25
CUST_0041,Customer_41,Yogyakarta,DI Yogyakarta,-7.722979314824881,110.39415962536552,2023-07-14
CUST_0042,Customer_42,Semarang,Jawa Tengah,-7.00042039502947,110.33231167005721,2023-11-24
CUST_0043,Customer_43,Denpasar,Bali,-8.708303535656867,115.17763666440534,2023-04-23
CUST_0044,Customer_44,Makassar,Sulawesi Selatan,-5.101778764332388,119.46021149427104,2023-01-29
CUST_0045,Customer_45,Medan,Sumatera Utara,3.6726425485152654,98.6666429850324,2023-01-17
CUST_0046,Customer_46,Makassar,Sulawesi Selatan,-5.22378115081234,119.4753489574446,2023-07-25
CUST_0047,Customer_47,Semarang,Jawa Tengah,-6.91444299027662,110.4318554395139,2023-02-03
CUST_0048,Customer_48,Medan,Sumatera Utara,3.6493934359909126,98.67095911927288,2023-10-18
CUST_0049,Customer_49,Makassar,Sulawesi Selatan,-5.143153434123602,119.41820820367171,2023-04-19
CUST_0050,Customer_50,Yogyakarta,DI Yogyakarta,-7.890516174651181,110.29107828539867,2023-07-22
CUST_0051,Customer_51,Yogyakarta,DI Yogyakarta,-7.889314162862654,110.39678208225276,2023-03-15
CUST_0052,Customer_52,Semarang,Jawa Tengah,-7.0037288037847345,110.42131413823294,2023-03-13
CUST_0053,Customer_53,Medan,Sumatera Utara,3.676713294785219,98.62205844582978,2023-10-15
CUST_0054,Customer_54,Denpasar,Bali,-8.688423415392874,115.2637102277086,2023-05-15
CUST_0055,Customer_55,Malang,Jawa Timur,-8.020840366901675,112.54799598196576,2023-08-08
CUST_0056,Customer_56,Malang,Jawa Timur,-8.008649709417247,112.5648442574508,2023-07-24
CUST_0057,Customer_57,Makassar,Sulawesi Selatan,-5.061760469531486,119.49432407591289,2023-04-23
CUST_0058,Customer_58,Bandung,Jawa Barat,-6.890819248697916,107.69339211803755,2023-09-18
CUST_0059,Customer_59,Yogyakarta,DI Yogyakarta,-7.734865584620177,110.3068140117772,2023-02-16
CUST_0060,Customer_60,Jakarta,DKI Jakarta,-6.1302882003020045,106.85346844838314,2023-02-26
CUST_0061,Customer_61,Bandung,Jawa Barat,-6.856011968967188,107.6983182599847,2023-11-18
CUST_0062,Customer_62,Bandung,Jawa Barat,-6.953899305005628,107.54111038490554,2023-12-15
CUST_0063,Customer_63,Palembang,Sumatera Selatan,-3.030512967491612,104.76082155772525,2023-11-02
CUST_0064,Customer_64,Surabaya,Jawa Timur,-7.1938970468155015,112.82424611665127,2023-07-17
CUST_0065,Customer_65,Palembang,Sumatera Selatan,-3.074709573893762,104.77754946051552,2023-11-02
CUST_0066,Customer_66,Yogyakarta,DI Yogyakarta,-7.812117799370244,110.31392156209415,2023-09-28
CUST_0067,Customer_67,Semarang,Jawa Tengah,-7.042626926533263,110.38712303428073,2023-10-11
CUST_0068,Customer_68,Jakarta,DKI Jakarta,-6.120218059217496,106.81024058640415,2023-12-15
CUST_0069,Customer_69,Surabaya,Jawa Timur,-7.253741875651327,112.79270379177903,2023-12-16
CUST_0070,Customer_70,Denpasar,Bali,-8.697774079524141,115.30695641654418,2023-05-17
CUST_0071,Customer_71,Makassar,Sulawesi Selatan,-5.055210541011578,119.38305645916508,2023-02-27
CUST_0072,Customer_72,Semarang,Jawa Tengah,-6.967150298821522,110.37977566196335,2023-08-11
CUST_0073,Customer_73,Bandung,Jawa Barat,-6.960531901124507,107.52647738947091,2023-08-21
CUST_0074,Customer_74,Jakarta,DKI Jakarta,-6.186887133204021,106.84613580464578,2023-05-15
CUST_0075,Customer_75,Denpasar,Bali,-8.760204249750002,115.16832929284732,2023-04-02
CUST_0076,Customer_76,Denpasar,Bali,-8.58884682280667,115.16051237813339,2023-02-24
CUST_0077,Customer_77,Semarang,Jawa Tengah,-7.037621025581755,110.41749055205551,2023-11-24
CUST_0078,Customer_78,Denpasar,Bali,-8.573369909177881,115.16101105430229,2023-11-08
CUST_0079,Customer_79,Medan,Sumatera Utara,3.629627109481176,98.72452392306575,2023-03-20
CUST_0080,Customer_80,Makassar,Sulawesi Selatan,-5.200172491201521,119.47834326972237,2023-03-24
CUST_0081,Customer_81,Denpasar,Bali,-8.69694337345615,115.23906116611872,2023-09-29
CUST_0082,Customer_82,Jakarta,DKI Jakarta,-6.182094057847821,106.85275493681496,2023-11-03
CUST_0083,Customer_83,Makassar,Sulawesi Selatan,-5.229642045989118,119.49976049911784,2023-09-08
CUST_0084,Customer_84,Jakarta,DKI Jakarta,-6.244643987005653,106.78290370207998,2023-02-27
CUST_0085,Customer_85,Makassar,Sulawesi Selatan,-5.239544971689048,119.45087858863765,2023-06-07
CUST_0086,Customer_86,Medan,Sumatera Utara,3.6307128723684565,98.57551756578557,2023-01-30
CUST_0087,Customer_87,Medan,Sumatera Utara,3.5976186116598563,98.6174991550396,2023-10-18
CUST_0088,Customer_88,Surabaya,Jawa Timur,-7.22846544191811,112.686973285801,2023-02-13
CUST_0089,Customer_89,Yogyakarta,DI Yogyakarta,-7.757412452379507,110.34684706926011,2023-02-05
CUST_0090,Customer_90,Denpasar,Bali,-8.583154002252654,115.1401041888292,2023-03-06
CUST_0091,Customer_91,Bandung,Jawa Barat,-6.949286729789948,107.54179470424812,2023-12-04
CUST_0092,Customer_92,Yogyakarta,DI Yogyakarta,-7.710661276344288,110.4449678706762,2023-10-09
CUST_0093,Customer_93,Bandung,Jawa Barat,-6.96591167445697,107.65109680920683,2023-05-16
CUST_0094,Customer_94,Denpasar,Bali,-8.607055559959758,115.22364016231988,2023-11-07
CUST_0095,Customer_95,Palembang,Sumatera Selatan,-2.970169884328799,104.7237704581801,2023-04-19
CUST_0096,Customer_96,Denpasar,Bali,-8.75187944643882,115.29204315159066,2023-12-20
CUST_0097,Customer_97,Medan,Sumatera Utara,3.675283611432666,98.69882029145465,2024-01-01
CUST_0098,Customer_98,Semarang,Jawa Tengah,-6.998794041790259,110.38944191492253,2023-07-24
CUST_0099,Customer_99,Makassar,Sulawesi Selatan,-5.102508864225952,119.51212205199052,2023-08-13
CUST_0100,Customer_100,Denpasar,Bali,-8.593082715146977,115.26857510917152,2023-08-20
CUST_0101,Customer_101,Surabaya,Jawa Timur,-7.229093670769143,112.668927992999,2023-05-07
CUST_0102,Customer_102,Medan,Sumatera Utara,3.527525742818923,98.75191083770542,2023-02-02
CUST_0103,Customer_103,Makassar,Sulawesi Selatan,-5.1264141880680825,119.33453941032332,2023-01-11
CUST_0104,Customer_104,Malang,Jawa Timur,-8.046305691426793,112.6653003538216,2023-10-11
CUST_0105,Customer_105,Medan,Sumatera Utara,3.496212316769244,98.6043616102835,2023-10-29
CUST_0106,Customer_106,Medan,Sumatera Utara,3.6049467578733174,98.71057903953854,2023-01-04
CUST_0107,Customer_107,Surabaya,Jawa Timur,-7.22710774809948,112.69695386189211,2023-12-29
CUST_0108,Customer_108,Jakarta,DKI Jakarta,-6.166364155730493,106.79304981749937,2023-04-28
CUST_0109,Customer_109,Surabaya,Jawa Timur,-7.292420060368147,112.80139828102361,2023-01-17
CUST_0110,Customer_110,Makassar,Sulawesi Selatan,-5.117773420190558,119.50254468209883,2023-02-06
CUST_0111,Customer_111,Denpasar,Bali,-8.638977421539932,115.22626172066708,2023-05-02
CUST_0112,Customer_112,Semarang,Jawa Tengah,-7.0478650464343815,110.39314316061188,2023-12-09
CUST_0113,Customer_113,Yogyakarta,DI Yogyakarta,-7.842559526463655,110.31829792867582,2023-04-20
CUST_0114,Customer_114,Denpasar,Bali,-8.57589788904951,115.19121954493335,2023-03-09
CUST_0115,Customer_115,Malang,Jawa Timur,-7.888190688964577,112.65882772519944,2023-10-23
CUST_0116,Customer_116,Yogyakarta,DI Yogyakarta,-7.7366377392916705,110.37002741862104,2023-05-05
CUST_0117,Customer_117,Yogyakarta,DI Yogyakarta,-7.780219223074728,110.36800353876377,2023-07-28
CUST_0118,Customer_118,Medan,Sumatera Utara,3.534248597559609,98.7166904230523,2023-02-18
CUST_0119,Customer_119,Surabaya,Jawa Timur,-7.301345527511829,112.65696319328629,2023-12-04
CUST_0120,Customer_120,Palembang,Sumatera Selatan,-2.9470055408185667,104.71082213588141,2023-07-01
CUST_0121,Customer_121,Palembang,Sumatera Selatan,-2.8880082831294174,104.86618571540052,2023-07-30
CUST_0122,Customer_122,Yogyakarta,DI Yogyakarta,-7.712627121955911,110.34353174005109,2023-01-28
CUST_0123,Customer_123,Surabaya,Jawa Timur,-7.354408676694227,112.83776371251754,2023-02-01
CUST_0124,Customer_124,Palembang,Sumatera Selatan,-2.9904631703365374,104.86873096380874,2023-06-23
CUST_0125,Customer_125,Surabaya,Jawa Timur,-7.16477600458215,112.82270189109347,2023-05-08
CUST_0126,Customer_126,Medan,Sumatera Utara,3.554089778413917,98.64921954572038,2023-04-08
CUST_0127,Customer_127,Denpasar,Bali,-8.600272665696629,115.17598440103124,2023-08-18
CUST_0128,Customer_128,Bandung,Jawa Barat,-6.983601450662782,107.63046025249167,2023-08-05
CUST_0129,Customer_129,Bandung,Jawa Barat,-6.830269045167844,107.658305959335,2023-05-23
CUST_0130,Customer_130,Yogyakarta,DI Yogyakarta,-7.7815877659821275,110.28893529875415,2023-05-08
CUST_0131,Customer_131,Surabaya,Jawa Timur,-7.234498554660166,112.85011077002085,2023-08-15
CUST_0132,Customer_132,Denpasar,Bali,-8.742483196952696,115.21626593047274,2023-02-20
CUST_0133,Customer_133,Jakarta,DKI Jakarta,-6.133325385614409,106.89375372355084,2023-11-30
CUST_0134,Customer_134,Denpasar,Bali,-8.631096851800947,115.25309681679742,2023-01-08
CUST_0135,Customer_135,Surabaya,Jawa Timur,-7.285601769756049,112.7108183688529,2023-05-02
CUST_0136,Customer_136,Bandung,Jawa Barat,-6.855627768904298,107.68112267893584,2023-07-28
CUST_0137,Customer_137,Yogyakarta,DI Yogyakarta,-7.7221855362839795,110.4521481105113,2023-09-04
CUST_0138,Customer_138,Medan,Sumatera Utara,3.597468479772188,98.67250325893744,2023-07-25
CUST_0139,Customer_139,Jakarta,DKI Jakarta,-6.149140964206645,106.87559278615555,2023-03-26
CUST_0140,Customer_140,Palembang,Sumatera Selatan,-2.9357066245484593,104.83455853388722,2023-01-02
CUST_0141,Customer_141,Palembang,Sumatera Selatan,-2.898098931636487,104.74299903137032,2023-05-16
CUST_0142,Customer_142,Yogyakarta,DI Yogyakarta,-7.820483409472011,110.28829638796817,2023-05-27
CUST_0143,Customer_143,Palembang,Sumatera Selatan,-2.9604439718007654,104.68258845475935,2023-12-23
CUST_0144,Customer_144,Denpasar,Bali,-8.677380396373508,115.2211289269415,2023-12-05
CUST_0145,Customer_145,Yogyakarta,DI Yogyakarta,-7.838291749574344,110.38766665211381,2023-03-21
CUST_0146,Customer_146,Medan,Sumatera Utara,3.50130004998781,98.57966963774984,2023-06-01
CUST_0147,Customer_147,Medan,Sumatera Utara,3.659720112131932,98.64423812828225,2023-01-30
CUST_0148,Customer_148,Malang,Jawa Timur,-8.041187897469623,112.63704865201096,2023-10-05
CUST_0149,Customer_149,Jakarta,DKI Jakarta,-6.154801289380278,106.78876420549938,2023-06-10
CUST_0150,Customer_150,Jakarta,DKI Jakarta,-6.1842219048362,106.76266949299875,2023-01-26
CUST_0151,Customer_151,Malang,Jawa Timur,-8.056263655766278,112.63887092631363,2023-09-02
CUST_0152,Customer_152,Denpasar,Bali,-8.662372975677979,115.24008598029964,2023-09-29
CUST_0153,Customer_153,Bandung,Jawa Barat,-6.872281733255468,107.71427041589251,2023-01-30
CUST_0154,Customer_154,Denpasar,Bali,-8.667239930339761,115.17719129458824,2023-02-11
CUST_0155,Customer_155,Bandung,Jawa Barat,-6.85846276104626,107.57326645025242,2023-02-05
CUST_0156,Customer_156,Malang,Jawa Timur,-7.978805715858872,112.54829127626844,2023-02-04
CUST_0157,Customer_157,Medan,Sumatera Utara,3.5002701486830916,98.7647296829356,2023-07-26
CUST_0158,Customer_158,Surabaya,Jawa Timur,-7.190303975897559,112.79129484121874,2023-10-19
CUST_0159,Customer_159,Medan,Sumatera Utara,3.576990588882854,98.60685886401417,2023-10-24
CUST_0160,Customer_160,Malang,Jawa Timur,-8.035312591465782,112.58264857963292,2023-01-21
CUST_0161,Customer_161,Malang,Jawa Timur,-7.956754667058775,112.67551918454001,2023-02-11
CUST_0162,Customer_162,Palembang,Sumatera Selatan,-2.9440605246564537,104.7313867793892,2023-12-03
CUST_0163,Customer_163,Malang,Jawa Timur,-7.875626943867361,112.68017938333915,2023-10-17
CUST_0164,Customer_164,Denpasar,Bali,-8.65962918949772,115.23494414924687,2023-06-11
CUST_0165,Customer_165,Semarang,Jawa Tengah,-6.982679987514442,110.36914619790024,2023-04-15
CUST_0166,Customer_166,Makassar,Sulawesi Selatan,-5.176505464269748,119.48426922209288,2023-05-03
CUST_0167,Customer_167,Semarang,Jawa Tengah,-7.063721302274049,110.34281452810139,2023-07-22
CUST_0168,Customer_168,Bandung,Jawa Barat,-7.00829947159565,107.5272457604638,2023-12-10
CUST_0169,Customer_169,Semarang,Jawa Tengah,-6.895507883197798,110.46033157187601,2023-08-23
CUST_0170,Customer_170,Makassar,Sulawesi Selatan,-5.152865234182535,119.3522668321302,2023-02-07
CUST_0171,Customer_171,Jakarta,DKI Jakarta,-6.210476824976634,106.84029435415611,2023-08-23
CUST_0172,Customer_172,Malang,Jawa Timur,-8.031959626017997,112.6193703298476,2023-10-16
CUST_0173,Customer_173,Surabaya,Jawa Timur,-7.277799053120526,112.77527001961045,2023-02-07
CUST_0174,Customer_174,Denpasar,Bali,-8.643481269826472,115.1216608019544,2023-04-20
CUST_0175,Customer_175,Denpasar,Bali,-8.695577477074707,115.23777198314284,2023-05-16
CUST_0176,Customer_176,Bandung,Jawa Barat,-6.916872748283983,107.69039796823766,2023-06-28
CUST_0177,Customer_177,Surabaya,Jawa Timur,-7.225761273676211,112.68468688541628,2023-05-06
CUST_0178,Customer_178,Makassar,Sulawesi Selatan,-5.233586250519914,119.46118385564127,2023-05-26
CUST_0179,Customer_179,Bandung,Jawa Barat,-7.012197737891676,107.6362551162547,2023-08-13
CUST_0180,Customer_180,Denpasar,Bali,-8.582453951715008,115.22769483557516,2023-12-27
CUST_0181,Customer_181,Semarang,Jawa Tengah,-6.988966014758695,110.44825764368848,2023-11-10
CUST_0182,Customer_182,Denpasar,Bali,-8.678849421901697,115.22172335786318,2023-01-05
CUST_0183,Customer_183,Denpasar,Bali,-8.582207038244695,115.18982052756014,2023-06-03
CUST_0184,Customer_184,Surabaya,Jawa Timur,-7.165261887235218,112.83317012839122,2023-03-10
CUST_0185,Customer_185,Semarang,Jawa Tengah,-7.02744177304214,110.33347226017503,2023-03-01
CUST_0186,Customer_186,Surabaya,Jawa Timur,-7.337344399724515,112.6557443651303,2023-10-11
CUST_0187,Customer_187,Bandung,Jawa Barat,-6.998611407848815,107.65570135468327,2023-05-20
CUST_0188,Customer_188,Semarang,Jawa Tengah,-7.052362270307954,110.38339512605876,2023-11-06
CUST_0189,Customer_189,Medan,Sumatera Utara,3.664175062193891,98.57685438714716,2023-06-25
CUST_0190,Customer_190,Medan,Sumatera Utara,3.6580936965177875,98.62857095495468,2023-12-18
CUST_0191,Customer_191,Semarang,Jawa Tengah,-7.0429670344756685,110.45894743307284,2023-09-16
CUST_0192,Customer_192,Yogyakarta,DI Yogyakarta,-7.769811430644023,110.44499440270542,2023-05-09
CUST_0193,Customer_193,Jakarta,DKI Jakarta,-6.161785791239223,106.90629618607697,2023-02-17
CUST_0194,Customer_194,Palembang,Sumatera Selatan,-3.0196930854857387,104.71088790875595,2023-05-22
CUST_0195,Customer_195,Jakarta,DKI Jakarta,-6.158677049671828,106.90696694785346,2023-01-02
CUST_0196,Customer_196,Makassar,Sulawesi Selatan,-5.049598971599866,119.41522353538228,2023-03-08
CUST_0197,Customer_197,Semarang,Jawa Tengah,-6.992196382841443,110.4748825921484,2023-03-24
CUST_0198,Customer_198,Yogyakarta,DI Yogyakarta,-7.827439291949397,110.45565146512071,2023-10-10
CUST_0199,Customer_199,Palembang,Sumatera Selatan,-2.904417449631398,104.761198805475,2023-10-15
CUST_0200,Customer_200,Jakarta,DKI Jakarta,-6.158625786441701,106.89650857481693,2023-02-27
CUST_0201,Customer_201,Surabaya,Jawa Timur,-7.336875226232814,112.83261058133591,2023-12-20
CUST_0202,Customer_202,Bandung,Jawa Barat,-6.916449525510429,107.68439149322155,2023-10-07
CUST_0203,Customer_203,Jakarta,DKI Jakarta,-6.244790079793877,106.92470464569925,2023-07-09
CUST_0204,Customer_204,Malang,Jawa Timur,-7.988759664253167,112.53476753029605,2023-10-10
CUST_0205,Customer_205,Bandung,Jawa Barat,-6.836423604716147,107.53735733535723,2023-08-09
CUST_0206,Customer_206,Bandung,Jawa Barat,-6.9536372724819175,107.70911239341017,2023-01-22
CUST_0207,Customer_207,Semarang,Jawa Tengah,-6.8764785706124885,110.43428757762466,2023-07-06
CUST_0208,Customer_208,Jakarta,DKI Jakarta,-6.18243255756604,106.83528910439567,2023-07-03
CUST_0209,Customer_209,Medan,Sumatera Utara,3.553842154339613,98.63793290907398,2023-12-16
CUST_0210,Customer_210,Medan,Sumatera Utara,3.6297036912154077,98.72267490588754,2023-12-08
CUST_0211,Customer_211,Surabaya,Jawa Timur,-7.1991841912548304,112.81002362855891,2023-07-01
CUST_0212,Customer_212,Denpasar,Bali,-8.752258779390262,115.2114840609405,2023-07-28
CUST_0213,Customer_213,Malang,Jawa Timur,-8.055088247996672,112.64250577646474,2023-03-21
CUST_0214,Customer_214,Medan,Sumatera Utara,3.5835061002746755,98.74974083655167,2023-03-25
CUST_0215,Customer_215,Bandung,Jawa Barat,-6.947316997489585,107.54251340328553,2023-07-31
CUST_0216,Customer_216,Jakarta,DKI Jakarta,-6.280201663589433,106.8979021263435,2023-04-02
CUST_0217,Customer_217,Makassar,Sulawesi Selatan,-5.124056387336748,119.35292453522456,2023-07-30
CUST_0218,Customer_218,Medan,Sumatera Utara,3.512021361223,98.71239382629183,2023-05-17
CUST_0219,Customer_219,Bandung,Jawa Barat,-7.002947398727161,107.68347201185807,2023-12-26
CUST_0220,Customer_220,Surabaya,Jawa Timur,-7.216251554568701,112.66836975612839,2023-07-15
CUST_0221,Customer_221,Jakarta,DKI Jakarta,-6.291832457182962,106.94292791570024,2023-08-29
CUST_0222,Customer_222,Medan,Sumatera Utara,3.570054159151224,98.64632842941339,2023-04-13
CUST_0223,Customer_223,Yogyakarta,DI Yogyakarta,-7.7330400865485,110.45894971547678,2023-06-29
CUST_0224,Customer_224,Semarang,Jawa Tengah,-6.869399787235426,110.47027563705178,2023-04-27
CUST_0225,Customer_225,Medan,Sumatera Utara,3.5704519171061833,98.58890014333974,2023-01-13
CUST_0226,Customer_226,Medan,Sumatera Utara,3.6506293831854877,98.68388084994716,2023-07-24
CUST_0227,Customer_227,Makassar,Sulawesi Selatan,-5.162855598150605,119.51397087701895,2023-05-23
CUST_0228,Customer_228,Surabaya,Jawa Timur,-7.33526050353877,112.75062502085817,2023-05-23
CUST_0229,Customer_229,Makassar,Sulawesi Selatan,-5.2454292710465165,119.42643212839882,2023-11-25
CUST_0230,Customer_230,Denpasar,Bali,-8.759239344863634,115.13636358325361,2023-07-24
CUST_0231,Customer_231,Denpasar,Bali,-8.74699475064458,115.2424420604232,2023-06-19
CUST_0232,Customer_232,Jakarta,DKI Jakarta,-6.159591024146915,106.86227375301944,2023-03-01
CUST_0233,Customer_233,Semarang,Jawa Tengah,-6.874165490305091,110.39457411590475,2023-04-02
CUST_0234,Customer_234,Malang,Jawa Timur,-8.009457582743627,112.70631982563789,2023-05-16
CUST_0235,Customer_235,Jakarta,DKI Jakarta,-6.264080832296109,106.93824450788813,2023-02-25
CUST_0236,Customer_236,Malang,Jawa Timur,-8.064169105062037,112.72657576534152,2023-08-11
CUST_0237,Customer_237,Makassar,Sulawesi Selatan,-5.239068017609885,119.51092862273961,2023-06-10
CUST_0238,Customer_238,Palembang,Sumatera Selatan,-2.97055977818274,104.87399295922387,2023-11-07
CUST_0239,Customer_239,Denpasar,Bali,-8.75574068705292,115.22337085688027,2023-03-01
CUST_0240,Customer_240,Palembang,Sumatera Selatan,-2.8822394928761805,104.78001956883404,2023-10-23
CUST_0241,Customer_241,Medan,Sumatera Utara,3.6210797276270528,98.71134973779692,2023-05-11
CUST_0242,Customer_242,Jakarta,DKI Jakarta,-6.217891787046446,106.87111161601682,2023-12-29
CUST_0243,Customer_243,Palembang,Sumatera Selatan,-2.9592371376153803,104.8556316020982,2023-01-01
CUST_0244,Customer_244,Denpasar,Bali,-8.761410723931709,115.16879263791844,2023-10-03
CUST_0245,Customer_245,Medan,Sumatera Utara,3.685282296815312,98.75025275677818,2023-07-06
CUST_0246,Customer_246,Palembang,Sumatera Selatan,-2.9849686494428576,104.79942651956031,2023-02-05
CUST_0247,Customer_247,Makassar,Sulawesi Selatan,-5.192223763403774,119.37032423194475,2023-11-16
CUST_0248,Customer_248,Makassar,Sulawesi Selatan,-5.154960319012004,119.4033704456052,2023-12-06
CUST_0249,Customer_249,Surabaya,Jawa Timur,-7.2407687776298255,112.667646927393,2023-06-03
CUST_0250,Customer_250,Denpasar,Bali,-8.575621038466767,115.30984214889591,2023-06-08
CUST_0251,Customer_251,Palembang,Sumatera Selatan,-2.9364676571960513,104.78261927326884,2023-06-17
CUST_0252,Customer_252,Palembang,Sumatera Selatan,-3.0141944767427344,104.8381590039414,2023-12-23
CUST_0253,Customer_253,Semarang,Jawa Tengah,-6.929653765489224,110.35212338786899,2023-10-11
CUST_0254,Customer_254,Bandung,Jawa Barat,-6.835314563101232,107.68360744858464,2023-04-09
CUST_0255,Customer_255,Palembang,Sumatera Selatan,-2.8861400173416154,104.82054390167768,2023-12-07
CUST_0256,Customer_256,Palembang,Sumatera Selatan,-2.9534169608128424,104.75904860725812,2023-12-13
CUST_0257,Customer_257,Bandung,Jawa Barat,-6.8309543033291975,107.69231277790009,2023-11-12
CUST_0258,Customer_258,Malang,Jawa Timur,-8.057556265978763,112.53787339489945,2023-06-04
CUST_0259,Customer_259,Palembang,Sumatera Selatan,-3.00080732662439,104.83751066615638,2023-10-08
CUST_0260,Customer_260,Jakarta,DKI Jakarta,-6.111344774137011,106.7756833782207,2023-06-05
CUST_0261,Customer_261,Semarang,Jawa Tengah,-6.947773856929572,110.39577817132621,2023-04-18
CUST_0262,Customer_262,Palembang,Sumatera Selatan,-2.8821171204370795,104.84382378462715,2023-10-24
CUST_0263,Customer_263,Malang,Jawa Timur,-7.898934259057772,112.62633863195899,2023-12-02
CUST_0264,Customer_264,Makassar,Sulawesi Selatan,-5.164736099532467,119.38738141438614,2023-08-27
CUST_0265,Customer_265,Yogyakarta,DI Yogyakarta,-7.884324900669815,110.44244447525101,2023-08-15
CUST_0266,Customer_266,Medan,Sumatera Utara,3.6577802018260157,98.77214353465723,2023-09-19
CUST_0267,Customer_267,Yogyakarta,DI Yogyakarta,-7.696272632585219,110.38058634112053,2023-03-28
CUST_0268,Customer_268,Surabaya,Jawa Timur,-7.203702516963898,112.84105314597649,2023-05-26
CUST_0269,Customer_269,Denpasar,Bali,-8.600570521864519,115.16206962034863,2023-12-06
CUST_0270,Customer_270,Malang,Jawa Timur,-7.976491172937981,112.5584318830303,2023-06-21
CUST_0271,Customer_271,Surabaya,Jawa Timur,-7.1666897945482555,112.77333492689017,2023-05-01
CUST_0272,Customer_272,Semarang,Jawa Tengah,-7.020871438899307,110.45394013688117,2023-04-26
CUST_0273,Customer_273,Medan,Sumatera Utara,3.6188256480915793,98.64383254360658,2023-03-17
CUST_0274,Customer_274,Jakarta,DKI Jakarta,-6.286088481560074,106.87991463911857,2023-01-24
CUST_0275,Customer_275,Medan,Sumatera Utara,3.599261540180759,98.72666367834714,2023-09-01
CUST_0276,Customer_276,Malang,Jawa Timur,-7.962567299777601,112.7030363000637,2023-02-07
CUST_0277,Customer_277,Yogyakarta,DI Yogyakarta,-7.785218632245103,110.38168759430708,2023-08-01
CUST_0278,Customer_278,Malang,Jawa Timur,-7.891269279468331,112.61329657324248,2023-04-10
CUST_0279,Customer_279,Palembang,Sumatera Selatan,-3.049296954309872,104.68115653526267,2023-09-11
CUST_0280,Customer_280,Palembang,Sumatera Selatan,-2.9250725488652765,104.7994619102707,2023-05-05
CUST_0281,Customer_281,Bandung,Jawa Barat,-6.876684046380156,107.56169283230179,2023-12-02
CUST_0282,Customer_282,Jakarta,DKI Jakarta,-6.281525704882646,106.74850893313358,2023-02-24
CUST_0283,Customer_283,Palembang,Sumatera Selatan,-3.005982488238681,104.79338353737093,2023-04-23
CUST_0284,Customer_284,Bandung,Jawa Barat,-6.939051190980054,107.60659498440475,2023-12-23
CUST_0285,Customer_285,Denpasar,Bali,-8.58966826110125,115.18225109340466,2023-08-26
CUST_0286,Customer_286,Jakarta,DKI Jakarta,-6.206002102168038,106.90233060254823,2023-10-13
CUST_0287,Customer_287,Medan,Sumatera Utara,3.574508556464254,98.69661734004558,2023-03-04
CUST_0288,Customer_288,Yogyakarta,DI Yogyakarta,-7.723127258250651,110.45940412473153,2023-03-10
CUST_0289,Customer_289,Yogyakarta,DI Yogyakarta,-7.866185303814193,110.4548175250323,2023-12-08
CUST_0290,Customer_290,Denpasar,Bali,-8.672076741384092,115.16424887765979,2023-10-14
CUST_0291,Customer_291,Malang,Jawa Timur,-7.974772848752347,112.7286065150571,2023-06-12
CUST_0292,Customer_292,Yogyakarta,DI Yogyakarta,-7.7970763812014265,110.3352503220575,2023-11-10
CUST_0293,Customer_293,Denpasar,Bali,-8.643819829136655,115.16062912375563,2023-08-07
CUST_0294,Customer_294,Denpasar,Bali,-8.755327334378268,115.13837594438212,2023-08-17
CUST_0295,Customer_295,Bandung,Jawa Barat,-6.991890832208446,107.54948053870247,2023-09-01
CUST_0296,Customer_296,Yogyakarta,DI Yogyakarta,-7.867834565470118,110.39767494896064,2023-05-13
CUST_0297,Customer_297,Medan,Sumatera Utara,3.5315760168798294,98.64133345666478,2023-11-23
CUST_0298,Customer_298,Semarang,Jawa Tengah,-6.887242318018798,110.41439232805257,2023-09-24
CUST_0299,Customer_299,Yogyakarta,DI Yogyakarta,-7.762088452295795,110.30396397424033,2023-11-17
CUST_0300,Customer_300,Medan,Sumatera Utara,3.5336578037617343,98.5803737232533,2023-05-21
CUST_0301,Customer_301,Yogyakarta,DI Yogyakarta,-7.8618129873855676,110.32521806780639,2023-02-09
CUST_0302,Customer_302,Semarang,Jawa Tengah,-7.03119790314465,110.33734050675142,2023-05-01
CUST_0303,Customer_303,Semarang,Jawa Tengah,-7.042472825779879,110.41175575360654,2023-06-21
CUST_0304,Customer_304,Makassar,Sulawesi Selatan,-5.206433256318842,119.40555397220962,2023-10-04
CUST_0305,Customer_305,Surabaya,Jawa Timur,-7.256816545829029,112.79017896572587,2023-03-12
CUST_0306,Customer_306,Bandung,Jawa Barat,-7.009637572031781,107.67898207978182,2023-04-29
CUST_0307,Customer_307,Palembang,Sumatera Selatan,-2.950519922101819,104.69175180638977,2023-12-22
CUST_0308,Customer_308,Bandung,Jawa Barat,-6.842784275178645,107.70327448010636,2023-12-28
CUST_0309,Customer_309,Medan,Sumatera Utara,3.507415591970973,98.62757552962944,2023-02-02
CUST_0310,Customer_310,Palembang,Sumatera Selatan,-2.914859744041388,104.82505193807674,2023-07-28
CUST_0311,Customer_311,Makassar,Sulawesi Selatan,-5.210795796128725,119.37456986466734,2023-10-05
CUST_0312,Customer_312,Yogyakarta,DI Yogyakarta,-7.821505579441724,110.36640459703821,2023-08-01
CUST_0313,Customer_313,Jakarta,DKI Jakarta,-6.185149045693941,106.81938272791396,2023-04-16
CUST_0314,Customer_314,Palembang,Sumatera Selatan,-2.983593056773371,104.82489418762675,2023-07-19
CUST_0315,Customer_315,Malang,Jawa Timur,-8.05926335942188,112.5830873888688,2023-12-23
CUST_0316,Customer_316,Jakarta,DKI Jakarta,-6.16613008282309,106.92464136753745,2023-10-22
CUST_0317,Customer_317,Palembang,Sumatera Selatan,-2.973764511576867,104.78182269705307,2023-09-02
CUST_0318,Customer_318,Jakarta,DKI Jakarta,-6.287365597732045,106.8350824733647,2023-06-30
CUST_0319,Customer_319,Semarang,Jawa Tengah,-6.960076546708995,110.36809410072695,2023-07-19
CUST_0320,Customer_320,Palembang,Sumatera Selatan,-3.022251353810124,104.75085683262093,2023-10-03
CUST_0321,Customer_321,Denpasar,Bali,-8.766485760444455,115.17701583311663,2023-11-05
CUST_0322,Customer_322,Medan,Sumatera Utara,3.537489601399309,98.63769947043559,2023-09-07
CUST_0323,Customer_323,Medan,Sumatera Utara,3.5191524263638505,98.75030545614798,2023-05-20
CUST_0324,Customer_324,Palembang,Sumatera Selatan,-2.9573815092891906,104.8112204638289,2023-09-06
CUST_0325,Customer_325,Jakarta,DKI Jakarta,-6.150965752278532,106.84528843978582,2023-07-19
CUST_0326,Customer_326,Makassar,Sulawesi Selatan,-5.230315942382516,119.4401213083637,2023-12-09
CUST_0327,Customer_327,Palembang,Sumatera Selatan,-2.9587317763958243,104.82448789483686,2023-03-26
CUST_0328,Customer_328,Yogyakarta,DI Yogyakarta,-7.809268090754064,110.29501606055912,2023-03-07
CUST_0329,Customer_329,Malang,Jawa Timur,-8.009844818840255,112.60521645927972,2023-10-01
CUST_0330,Customer_330,Jakarta,DKI Jakarta,-6.17961655173368,106.85975566093379,2023-07-21
CUST_0331,Customer_331,Malang,Jawa Timur,-7.995380654820431,112.72990304975859,2023-10-16
CUST_0332,Customer_332,Jakarta,DKI Jakarta,-6.187645036128623,106.7930453583472,2023-02-12
CUST_0333,Customer_333,Palembang,Sumatera Selatan,-3.0557435054759194,104.70597182783688,2023-03-11
CUST_0334,Customer_334,Yogyakarta,DI Yogyakarta,-7.8464084543230985,110.30163627465191,2023-04-04
CUST_0335,Customer_335,Jakarta,DKI Jakarta,-6.271486595189739,106.80261903373878,2023-05-14
CUST_0336,Customer_336,Palembang,Sumatera Selatan,-3.0414252809410494,104.85475308492529,2023-06-17
CUST_0337,Customer_337,Medan,Sumatera Utara,3.5112467491323285,98.67710227791406,2023-08-21
CUST_0338,Customer_338,Makassar,Sulawesi Selatan,-5.165620634602068,119.52917572338171,2023-06-22
CUST_0339,Customer_339,Palembang,Sumatera Selatan,-3.05369221956639,104.75497111980916,2023-05-23
CUST_0340,Customer_340,Palembang,Sumatera Selatan,-2.8822059133449263,104.8485014251788,2023-05-10
CUST_0341,Customer_341,Surabaya,Jawa Timur,-7.194085585810145,112.70368056540899,2023-08-29
CUST_0342,Customer_342,Jakarta,DKI Jakarta,-6.274622482521987,106.87932864398489,2023-10-04
CUST_0343,Customer_343,Jakarta,DKI Jakarta,-6.122924802174483,106.85695257860279,2023-06-29
CUST_0344,Customer_344,Medan,Sumatera Utara,3.60952253789398,98.62819581873207,2023-11-29
CUST_0345,Customer_345,Surabaya,Jawa Timur,-7.203601413361613,112.68950874971151,2023-11-30
CUST_0346,Customer_346,Jakarta,DKI Jakarta,-6.244064152719151,106.8306872877233,2023-01-16
CUST_0347,Customer_347,Medan,Sumatera Utara,3.596722075736891,98.62068194648302,2023-04-13
CUST_0348,Customer_348,Jakarta,DKI Jakarta,-6.285832635052159,106.86772400848834,2023-11-15
CUST_0349,Customer_349,Bandung,Jawa Barat,-6.95977388935195,107.63534764428452,2023-05-03
CUST_0350,Customer_350,Bandung,Jawa Barat,-6.98662745694516,107.61532802037097,2023-08-31
CUST_0351,Customer_351,Surabaya,Jawa Timur,-7.250982113489683,112.66246470736448,2023-10-16
CUST_0352,Customer_352,Medan,Sumatera Utara,3.5625208556387844,98.5990829353878,2023-08-27
CUST_0353,Customer_353,Semarang,Jawa Tengah,-7.053925005905446,110.51759204647799,2023-07-08
CUST_0354,Customer_354,Bandung,Jawa Barat,-6.953029231005056,107.68107488917093,2023-11-07
CUST_0355,Customer_355,Malang,Jawa Timur,-8.015671869047248,112.66890054444478,2023-02-28
CUST_0356,Customer_356,Bandung,Jawa Barat,-6.865454428022063,107.63822774812157,2023-06-09
CUST_0357,Customer_357,Surabaya,Jawa Timur,-7.263184762289969,112.73446818282945,2023-10-24
CUST_0358,Customer_358,Jakarta,DKI Jakarta,-6.239026346691401,106.93150582884957,2023-06-09
CUST_0359,Customer_359,Malang,Jawa Timur,-7.9004761184424535,112.7256053821333,2023-12-13
CUST_0360,Customer_360,Palembang,Sumatera Selatan,-3.051240555302891,104.82157349504074,2023-07-23
CUST_0361,Customer_361,Medan,Sumatera Utara,3.682868091364208,98.60844661323314,2023-02-08
CUST_0362,Customer_362,Malang,Jawa Timur,-8.053300746526645,112.68082412985801,2023-12-20
CUST_0363,Customer_363,Medan,Sumatera Utara,3.6100946226359825,98.74056575535165,2023-02-22
CUST_0364,Customer_364,Semarang,Jawa Tengah,-7.038645524674742,110.47865346237198,2023-12-17
CUST_0365,Customer_365,Malang,Jawa Timur,-8.026274535990451,112.56533118857314,2023-03-03
CUST_0366,Customer_366,Malang,Jawa Timur,-8.033746840413801,112.69551494404627,2023-01-22
CUST_0367,Customer_367,Makassar,Sulawesi Selatan,-5.114660555860761,119.43731308495381,2023-09-30
CUST_0368,Customer_368,Palembang,Sumatera Selatan,-3.0043339031753,104.85084010816263,2023-12-05
CUST_0369,Customer_369,Makassar,Sulawesi Selatan,-5.169210978515474,119.4960198878943,2023-02-05
CUST_0370,Customer_370,Denpasar,Bali,-8.682673018285957,115.18798888588498,2023-11-28
CUST_0371,Customer_371,Makassar,Sulawesi Selatan,-5.155164042866079,119.39297557483283,2023-01-07
CUST_0372,Customer_372,Palembang,Sumatera Selatan,-2.92657812396475,104.7759440780185,2023-09-08
CUST_0373,Customer_373,Surabaya,Jawa Timur,-7.311057460970637,112.8320149146549,2023-08-10
CUST_0374,Customer_374,Makassar,Sulawesi Selatan,-5.170921755725358,119.4414105722228,2023-11-22
CUST_0375,Customer_375,Yogyakarta,DI Yogyakarta,-7.714305577807091,110.3943475991828,2023-12-29
CUST_0376,Customer_376,Bandung,Jawa Barat,-6.994120391858328,107.7070664247227,2023-08-11
CUST_0377,Customer_377,Bandung,Jawa Barat,-6.891958389385717,107.58608112293142,2023-09-25
CUST_0378,Customer_378,Semarang,Jawa Tengah,-7.038745585467322,110.47840503785406,2023-11-12
CUST_0379,Customer_379,Denpasar,Bali,-8.646485448814298,115.21929221839525,2023-09-05
CUST_0380,Customer_380,Yogyakarta,DI Yogyakarta,-7.7168214833898086,110.4272194422449,2023-08-12
CUST_0381,Customer_381,Malang,Jawa Timur,-8.03626502405345,112.5949444135591,2023-05-18
CUST_0382,Customer_382,Makassar,Sulawesi Selatan,-5.198002172037107,119.48148925851453,2023-05-06
CUST_0383,Customer_383,Surabaya,Jawa Timur,-7.350793513052844,112.76607793697426,2023-05-23
CUST_0384,Customer_384,Yogyakarta,DI Yogyakarta,-7.743108262851862,110.44485312735235,2023-05-05
CUST_0385,Customer_385,Yogyakarta,DI Yogyakarta,-7.827183650256819,110.4337514609344,2023-10-19
CUST_0386,Customer_386,Malang,Jawa Timur,-8.044473652608959,112.7018904583469,2023-12-09
CUST_0387,Customer_387,Palembang,Sumatera Selatan,-3.0506022675336038,104.75485745811208,2023-06-22
CUST_0388,Customer_388,Jakarta,DKI Jakarta,-6.149340926844089,106.77558348546975,2023-09-11
CUST_0389,Customer_389,Makassar,Sulawesi Selatan,-5.201849720953472,119.47715051367861,2023-04-04
CUST_0390,Customer_390,Yogyakarta,DI Yogyakarta,-7.751592692690785,110.39772952657707,2023-04-19
CUST_0391,Customer_391,Makassar,Sulawesi Selatan,-5.10891031110658,119.44124488866952,2023-05-13
CUST_0392,Customer_392,Makassar,Sulawesi Selatan,-5.19734018821861,119.40183919870078,2023-05-24
CUST_0393,Customer_393,Malang,Jawa Timur,-8.030280456639714,112.71429011226672,2023-12-26
CUST_0394,Customer_394,Semarang,Jawa Tengah,-6.9499216410467755,110.39977028335274,2023-10-12
CUST_0395,Customer_395,Jakarta,DKI Jakarta,-6.216398839271173,106.93505666792237,2023-09-22
CUST_0396,Customer_396,Medan,Sumatera Utara,3.525870280623216,98.68944596640337,2023-02-13
CUST_0397,Customer_397,Medan,Sumatera Utara,3.5963777357768936,98.69449084708694,2023-07-28
CUST_0398,Customer_398,Yogyakarta,DI Yogyakarta,-7.891977963235832,110.44392478178884,2023-10-12
CUST_0399,Customer_399,Medan,Sumatera Utara,3.681623656496723,98.68522663671784,2023-12-20
CUST_0400,Customer_400,Yogyakarta,DI Yogyakarta,-7.7562698352246215,110.45399987623546,2023-11-27
CUST_0401,Customer_401,Yogyakarta,DI Yogyakarta,-7.75415227313732,110.30000780858285,2023-08-18
CUST_0402,Customer_402,Jakarta,DKI Jakarta,-6.193542327966638,106.86694300927658,2023-02-17
CUST_0403,Customer_403,Semarang,Jawa Tengah,-6.981773865739522,110.46688884712495,2023-04-24
CUST_0404,Customer_404,Palembang,Sumatera Selatan,-2.889226597046197,104.86051370258136,2023-12-21
CUST_0405,Customer_405,Medan,Sumatera Utara,3.5853678742808266,98.59484760916816,2023-06-06
CUST_0406,Customer_406,Malang,Jawa Timur,-7.8696317602075325,112.70037961728919,2023-07-08
CUST_0407,Customer_407,Yogyakarta,DI Yogyakarta,-7.870667463759347,110.45366837652348,2023-10-11
CUST_0408,Customer_408,Denpasar,Bali,-8.596520727587574,115.21636761142521,2023-06-26
CUST_0409,Customer_409,Palembang,Sumatera Selatan,-2.9578449128510145,104.75520054077403,2023-10-09
CUST_0410,Customer_410,Makassar,Sulawesi Selatan,-5.236747672235595,119.39973944832917,2023-06-30
CUST_0411,Customer_411,Yogyakarta,DI Yogyakarta,-7.735029310280398,110.27042640460093,2023-05-19
CUST_0412,Customer_412,Semarang,Jawa Tengah,-6.999900165661771,110.3992337387182,2023-05-09
CUST_0413,Customer_413,Medan,Sumatera Utara,3.6026791205875845,98.75617112328256,2023-03-03
CUST_0414,Customer_414,Medan,Sumatera Utara,3.5644691988731925,98.64159064037925,2023-06-11
CUST_0415,Customer_415,Surabaya,Jawa Timur,-7.20999975037805,112.74254358817797,2023-10-02
CUST_0416,Customer_416,Bandung,Jawa Barat,-6.972579035412004,107.60958790322654,2023-04-09
CUST_0417,Customer_417,Medan,Sumatera Utara,3.5233714040759603,98.60747739730125,2023-09-05
CUST_0418,Customer_418,Semarang,Jawa Tengah,-6.966926445452104,110.40338508990091,2023-10-29
CUST_0419,Customer_419,Denpasar,Bali,-8.58753081978638,115.18507877982333,2023-11-02
CUST_0420,Customer_420,Semarang,Jawa Tengah,-6.950482329944391,110.44605285758391,2023-02-21
CUST_0421,Customer_421,Medan,Sumatera Utara,3.497818891317667,98.70490747440334,2023-06-01
CUST_0422,Customer_422,Medan,Sumatera Utara,3.5308071933739504,98.76441406349389,2023-07-04
CUST_0423,Customer_423,Bandung,Jawa Barat,-6.9877674544493775,107.60202482474541,2023-06-04
CUST_0424,Customer_424,Jakarta,DKI Jakarta,-6.291730066384272,106.94497485036919,2023-12-29
CUST_0425,Customer_425,Denpasar,Bali,-8.670060997933753,115.231677003464,2023-03-06
CUST_0426,Customer_426,Semarang,Jawa Tengah,-7.053184704522314,110.46959209407984,2023-01-24
CUST_0427,Customer_427,Jakarta,DKI Jakarta,-6.266818881380883,106.92521085788815,2023-10-11
CUST_0428,Customer_428,Semarang,Jawa Tengah,-7.025572071903598,110.35773754413273,2023-12-24
CUST_0429,Customer_429,Bandung,Jawa Barat,-7.010190066430382,107.613513389022,2023-11-23
CUST_0430,Customer_430,Yogyakarta,DI Yogyakarta,-7.782631773347477,110.28264172788568,2023-02-22
CUST_0431,Customer_431,Jakarta,DKI Jakarta,-6.153694476660998,106.83625776694961,2023-10-21
CUST_0432,Customer_432,Semarang,Jawa Tengah,-6.9617219461344835,110.40775254938765,2023-08-29
CUST_0433,Customer_433,Yogyakarta,DI Yogyakarta,-7.8154473878249355,110.38142806626165,2023-08-14
CUST_0434,Customer_434,Makassar,Sulawesi Selatan,-5.216651950813858,119.36908562609905,2023-04-05
CUST_0435,Customer_435,Jakarta,DKI Jakarta,-6.136442875797297,106.93482309242673,2023-05-10
CUST_0436,Customer_436,Yogyakarta,DI Yogyakarta,-7.82093813674405,110.32364893462871,2023-02-28
CUST_0437,Customer_437,Surabaya,Jawa Timur,-7.228700091352197,112.73384683421962,2023-07-25
CUST_0438,Customer_438,Yogyakarta,DI Yogyakarta,-7.890522728867931,110.30073051947323,2023-02-07
CUST_0439,Customer_439,Malang,Jawa Timur,-7.92340555423052,112.66438478838202,2023-11-19
CUST_0440,Customer_440,Jakarta,DKI Jakarta,-6.303380801499303,106.78999443238659,2023-03-19
CUST_0441,Customer_441,Bandung,Jawa Barat,-6.971285040682386,107.65347854871975,2023-10-16
CUST_0442,Customer_442,Semarang,Jawa Tengah,-7.062657892449127,110.34042171639692,2023-02-13
CUST_0443,Customer_443,Medan,Sumatera Utara,3.655183217074638,98.60790893241087,2023-03-02
CUST_0444,Customer_444,Denpasar,Bali,-8.639950778429625,115.16023655620934,2023-08-02
CUST_0445,Customer_445,Malang,Jawa Timur,-8.04671172144813,112.58123443819989,2023-11-02
CUST_0446,Customer_446,Malang,Jawa Timur,-7.922146613628868,112.70373929362125,2023-04-26
CUST_0447,Customer_447,Denpasar,Bali,-8.604456027086602,115.19203670592368,2023-07-14
CUST_0448,Customer_448,Yogyakarta,DI Yogyakarta,-7.761982972685871,110.31049685908317,2023-08-15
CUST_0449,Customer_449,Semarang,Jawa Tengah,-7.007970453947797,110.49886716370423,2023-10-29
CUST_0450,Customer_450,Palembang,Sumatera Selatan,-3.073499615297853,104.6925017061709,2023-06-06
CUST_0451,Customer_451,Malang,Jawa Timur,-8.025022748970795,112.53790644077476,2023-11-14
CUST_0452,Customer_452,Jakarta,DKI Jakarta,-6.272512912982041,106.86220831219394,2023-11-09
CUST_0453,Customer_453,Surabaya,Jawa Timur,-7.273215089881501,112.83063434221539,2023-04-17
CUST_0454,Customer_454,Medan,Sumatera Utara,3.6586887123476886,98.64056347033957,2023-05-16
CUST_0455,Customer_455,Surabaya,Jawa Timur,-7.305615313313742,112.72803848163345,2023-03-22
CUST_0456,Customer_456,Medan,Sumatera Utara,3.613258988502962,98.62581272816458,2023-03-30
CUST_0457,Customer_457,Denpasar,Bali,-8.645670218430174,115.19448233043825,2023-02-08
CUST_0458,Customer_458,Bandung,Jawa Barat,-6.9070905638296045,107.60632530582707,2023-01-02
CUST_0459,Customer_459,Palembang,Sumatera Selatan,-3.0172068480916168,104.86509066139243,2023-08-19
CUST_0460,Customer_460,Malang,Jawa Timur,-7.913878841168048,112.5606226351533,2023-08-29
CUST_0461,Customer_461,Semarang,Jawa Tengah,-6.892906404820417,110.4170862396499,2023-01-17
CUST_0462,Customer_462,Medan,Sumatera Utara,3.6741104453788185,98.73217105118947,2023-05-28
CUST_0463,Customer_463,Semarang,Jawa Tengah,-6.981557299106153,110.32409386166402,2023-12-26
CUST_0464,Customer_464,Yogyakarta,DI Yogyakarta,-7.841864528123011,110.37782684293218,2023-02-06
CUST_0465,Customer_465,Medan,Sumatera Utara,3.6218956439652294,98.62377753708664,2023-05-16
CUST_0466,Customer_466,Malang,Jawa Timur,-8.038728785185436,112.69958604735986,2023-12-05
CUST_0467,Customer_467,Medan,Sumatera Utara,3.6920804361407105,98.67733803646054,2023-08-06
CUST_0468,Customer_468,Surabaya,Jawa Timur,-7.32316414283034,112.70656146530388,2023-10-06
CUST_0469,Customer_469,Medan,Sumatera Utara,3.4988781353094933,98.7550597613121,2023-11-28
CUST_0470,Customer_470,Bandung,Jawa Barat,-6.993949783421972,107.63440329510286,2023-05-17
CUST_0471,Customer_471,Bandung,Jawa Barat,-6.962688955862559,107.62993560050316,2023-02-06
CUST_0472,Customer_472,Jakarta,DKI Jakarta,-6.178515922329627,106.91154836074145,2023-03-26
CUST_0473,Customer_473,Semarang,Jawa Tengah,-7.025315745647879,110.3217991657317,2023-11-01
CUST_0474,Customer_474,Malang,Jawa Timur,-8.039222873986239,112.71260372836961,2023-05-28
CUST_0475,Customer_475,Yogyakarta,DI Yogyakarta,-7.720821984487498,110.38898262043406,2023-03-05
CUST_0476,Customer_476,Yogyakarta,DI Yogyakarta,-7.775496627913269,110.40250733490926,2023-12-19
CUST_0477,Customer_477,Semarang,Jawa Tengah,-7.03152574427531,110.50248238918499,2023-12-25
CUST_0478,Customer_478,Palembang,Sumatera Selatan,-2.9923458950215855,104.75202770564991,2023-05-20
CUST_0479,Customer_479,Denpasar,Bali,-8.666716458943434,115.12199319335501,2023-10-04
CUST_0480,Customer_480,Yogyakarta,DI Yogyakarta,-7.8623433262487845,110.41710672328527,2023-08-13
CUST_0481,Customer_481,Surabaya,Jawa Timur,-7.340940266414975,112.77273042189327,2023-11-03
CUST_0482,Customer_482,Jakarta,DKI Jakarta,-6.2597301780637356,106.8234591228084,2023-08-10
CUST_0483,Customer_483,Makassar,Sulawesi Selatan,-5.18996125264586,119.40383454329299,2023-11-06
CUST_0484,Customer_484,Semarang,Jawa Tengah,-6.922790818963151,110.37902434312464,2023-01-14
CUST_0485,Customer_485,Surabaya,Jawa Timur,-7.244219071940621,112.74731008043982,2023-04-28
CUST_0486,Customer_486,Malang,Jawa Timur,-7.93386576692747,112.71996594786495,2023-10-28
CUST_0487,Customer_487,Jakarta,DKI Jakarta,-6.16228558055795,106.78858807571815,2023-12-11
CUST_0488,Customer_488,Semarang,Jawa Tengah,-7.060363372987743,110.37205280885996,2023-10-23
CUST_0489,Customer_489,Jakarta,DKI Jakarta,-6.189784413859949,106.75588516269686,2023-03-31
CUST_0490,Customer_490,Yogyakarta,DI Yogyakarta,-7.796326750559753,110.38886856978338,2023-09-23
CUST_0491,Customer_491,Yogyakarta,DI Yogyakarta,-7.828751221836608,110.42368244074916,2023-05-23
CUST_0492,Customer_492,Bandung,Jawa Barat,-6.996180349373246,107.53412755634716,2023-10-27
CUST_0493,Customer_493,Palembang,Sumatera Selatan,-2.9304622487592793,104.77449826324124,2023-11-22
CUST_0494,Customer_494,Yogyakarta,DI Yogyakarta,-7.757919520714453,110.35646546772075,2023-02-16
CUST_0495,Customer_495,Yogyakarta,DI Yogyakarta,-7.846319593352179,110.43332046353484,2023-06-28
CUST_0496,Customer_496,Palembang,Sumatera Selatan,-2.9162168242062045,104.81433929417089,2023-06-20
CUST_0497,Customer_497,Makassar,Sulawesi Selatan,-5.193270972554008,119.45074613337381,2023-12-10
CUST_0498,Customer_498,Surabaya,Jawa Timur,-7.285305220611995,112.67041641466533,2023-03-24
CUST_0499,Customer_499,Makassar,Sulawesi Selatan,-5.064237284907552,119.3600637261838,2023-07-30
CUST_0500,Customer_500,Yogyakarta,DI Yogyakarta,-7.70555252923584,110.3587011545916,2023-05-28
